{
    "loss": 0.3882872462272644,
    "accuracy": 0.9482758641242981
}